t,seno,coseno
1,-0.931461,-0.846546
1,-0.0352148,-0.978622
1,-0.998867,-0.522146
1,0.0647327,0.954332
1,-0.303542,0.974559
1,0.823081,0.380563
1,0.242341,-0.968241
1,-0.128055,0.035586
